date,aqi,range,quality_level,pm25,pm10,co,no2,so2,o3,year,month_num,ym,season,no2_norm,so2_norm,co_norm,pm25_norm,o3_norm,no2_contrib,so2_contrib,co_contrib,pm25_contrib,o3_contrib,risk_score,risk_level,main_risk_type
2013-12-01,182,46~412,中度污染,144,177,1.557,82,39,39,2013,12,2013-12,冬季,100.0,97.2972972972973,100.0,100.0,6.976744186046512,25.0,19.459459459459463,20.0,20.0,1.0465116279069766,85.50597108736645,高风险,交通燃烧型
2014-01-01,131,44~270,轻度污染,100,102,1.045,67,27,54,2014,1,2014-01,冬季,78.57142857142857,64.86486486486487,57.19063545150501,66.15384615384615,18.6046511627907,19.642857142857142,12.972972972972975,11.438127090301002,13.23076923076923,2.7906976744186047,60.07542411131896,中风险,复合污染型
2014-02-01,90,21~282,良,67,76,0.914,43,16,54,2014,2,2014-02,冬季,44.285714285714285,35.13513513513514,46.23745819397994,40.76923076923077,18.6046511627907,11.071428571428571,7.027027027027028,9.247491638795989,8.153846153846153,2.7906976744186047,38.29049106551634,低风险,交通燃烧型
2014-03-01,97,44~184,良,71,101,0.952,56,22,91,2014,3,2014-03,春季,62.857142857142854,51.35135135135135,49.414715719063544,43.84615384615385,47.286821705426355,15.714285714285714,10.27027027027027,9.88294314381271,8.76923076923077,7.093023255813953,51.72975315341342,中风险,复合污染型
2014-04-01,85,43~161,良,62,83,0.807,49,19,103,2014,4,2014-04,春季,52.85714285714286,43.24324324324324,37.29096989966556,36.92307692307693,56.58914728682171,13.214285714285715,8.64864864864865,7.458193979933113,7.384615384615386,8.488372093023255,45.19411582050611,中风险,复合污染型
2014-05-01,107,54~195,轻度污染,76,120,0.861,48,21,139,2014,5,2014-05,春季,51.42857142857142,48.64864864864865,41.80602006688963,47.69230769230769,84.49612403100775,12.857142857142856,9.729729729729732,8.361204013377927,9.538461538461538,12.674418604651162,53.160956743363215,中风险,臭氧复合污染型
2014-06-01,96,39~195,良,61,84,0.87,39,21,138,2014,6,2014-06,夏季,38.57142857142858,48.64864864864865,42.55852842809365,36.15384615384615,83.72093023255815,9.642857142857144,9.729729729729732,8.51170568561873,7.230769230769231,12.558139534883722,47.673201323858564,中风险,臭氧污染型
2014-07-01,93,44~210,良,56,78,0.839,35,14,129,2014,7,2014-07,夏季,32.857142857142854,29.72972972972973,39.96655518394649,32.30769230769231,76.74418604651163,8.214285714285714,5.9459459459459465,7.993311036789298,6.461538461538462,11.511627906976743,40.12670906553616,中风险,臭氧复合污染型
2014-08-01,83,23~164,良,52,72,0.958,45,16,114,2014,8,2014-08,夏季,47.14285714285714,35.13513513513514,49.91638795986622,29.230769230769234,65.11627906976744,11.785714285714285,7.027027027027028,9.983277591973245,5.846153846153847,9.767441860465116,44.409614611333524,中风险,交通燃烧型
2014-09-01,71,31~140,良,42,63,0.843,42,16,111,2014,9,2014-09,秋季,42.857142857142854,35.13513513513514,40.30100334448161,21.53846153846154,62.7906976744186,10.714285714285714,7.027027027027028,8.060200668896321,4.307692307692308,9.41860465116279,39.527810369064156,低风险,臭氧复合污染型
2014-10-01,84,51~170,良,54,88,0.835,58,23,112,2014,10,2014-10,秋季,65.71428571428571,54.054054054054056,39.63210702341137,30.76923076923077,63.565891472868216,16.428571428571427,10.810810810810812,7.926421404682275,6.153846153846154,9.534883720930232,50.854533518840896,中风险,复合污染型
2014-11-01,95,48~202,良,71,90,1.033,68,30,67,2014,11,2014-11,秋季,80.0,72.97297297297297,56.187290969899664,43.84615384615385,28.68217054263566,20.0,14.594594594594595,11.237458193979933,8.76923076923077,4.3023255813953485,58.903609139200654,中风险,复合污染型
2014-12-01,109,53~183,轻度污染,81,122,1.2,73,40,40,2014,12,2014-12,冬季,87.14285714285714,100.0,70.15050167224081,51.53846153846153,7.751937984496124,21.785714285714285,20.0,14.030100334448163,10.307692307692307,1.1627906976744184,67.28629762552917,中风险,复合污染型
2015-01-01,128,36~221,轻度污染,96,112,1.142,68,31,48,2015,1,2015-01,冬季,80.0,75.67567567567568,65.3010033444816,63.07692307692307,13.953488372093023,20.0,15.135135135135137,13.060200668896321,12.615384615384615,2.093023255813953,62.903743675230025,中风险,复合污染型
2015-02-01,98,32~229,良,72,90,0.946,49,21,72,2015,2,2015-02,冬季,52.85714285714286,48.64864864864865,48.91304347826087,44.61538461538462,32.55813953488372,13.214285714285715,9.729729729729732,9.782608695652174,8.923076923076925,4.883720930232558,46.533421992977104,中风险,交通燃烧型
2015-03-01,85,43~179,良,60,74,0.89,57,18,82,2015,3,2015-03,春季,64.28571428571429,40.54054054054054,44.23076923076923,35.38461538461539,40.310077519379846,16.071428571428573,8.108108108108109,8.846153846153847,7.0769230769230775,6.046511627906977,46.14912523052058,中风险,交通燃烧型
2015-04-01,92,42~150,良,63,92,0.947,63,23,121,2015,4,2015-04,春季,72.85714285714285,54.054054054054056,48.99665551839465,37.69230769230769,70.54263565891473,18.21428571428571,10.810810810810812,9.79933110367893,7.538461538461539,10.58139534883721,56.944284516074205,中风险,复合污染型
2015-05-01,86,45~140,良,46,69,0.771,46,16,136,2015,5,2015-05,春季,48.57142857142857,35.13513513513514,34.2809364548495,24.615384615384617,82.17054263565892,12.142857142857142,7.027027027027028,6.856187290969901,4.923076923076923,12.325581395348838,43.27472977927983,中风险,臭氧复合污染型
2015-06-01,77,29~142,良,43,65,0.787,41,13,122,2015,6,2015-06,夏季,41.42857142857143,27.027027027027028,35.61872909698997,22.30769230769231,71.31782945736434,10.357142857142858,5.405405405405406,7.123745819397995,4.461538461538463,10.69767441860465,38.04550696208938,低风险,臭氧复合污染型
2015-07-01,72,24~169,良,39,59,0.745,38,14,113,2015,7,2015-07,夏季,37.142857142857146,29.72972972972973,32.10702341137124,19.230769230769234,64.34108527131784,9.285714285714286,5.9459459459459465,6.421404682274248,3.8461538461538467,9.651162790697676,35.150381550786,低风险,臭氧复合污染型
2015-08-01,85,30~155,良,42,67,0.784,37,17,133,2015,8,2015-08,夏季,35.714285714285715,37.83783783783784,35.367892976588635,21.53846153846154,79.84496124031007,8.928571428571429,7.567567567567568,7.073578595317727,4.307692307692308,11.97674418604651,39.85415408519554,低风险,臭氧复合污染型
2015-09-01,83,44~161,良,39,62,0.777,45,20,134,2015,9,2015-09,秋季,47.14285714285714,45.94594594594595,34.78260869565218,19.230769230769234,80.62015503875969,11.785714285714285,9.189189189189191,6.956521739130436,3.8461538461538467,12.093023255813954,43.870602316001715,中风险,臭氧复合污染型
2015-10-01,85,53~138,良,53,93,0.861,58,21,116,2015,10,2015-10,秋季,65.71428571428571,48.64864864864865,41.80602006688963,30.0,66.66666666666666,16.428571428571427,9.729729729729732,8.361204013377927,6.0,9.999999999999998,50.519505171679086,中风险,臭氧复合污染型
2015-11-01,82,39~143,良,54,75,1.123,56,21,58,2015,11,2015-11,秋季,62.857142857142854,48.64864864864865,63.7123745819398,30.76923076923077,21.705426356589147,15.714285714285714,9.729729729729732,12.74247491638796,6.153846153846154,3.255813953488372,47.59615046773793,中风险,交通燃烧型
2015-12-01,122,63~253,轻度污染,87,113,1.297,71,29,38,2015,12,2015-12,冬季,84.28571428571429,70.27027027027027,78.26086956521739,56.15384615384615,6.2015503875969,21.071428571428573,14.054054054054056,15.652173913043478,11.230769230769232,0.9302325581395349,62.93865832743488,中风险,交通燃烧型
2016-01-01,104,48~195,轻度污染,72,99,1.132,68,23,53,2016,1,2016-01,冬季,80.0,54.054054054054056,64.4648829431438,44.61538461538462,17.829457364341085,20.0,10.810810810810812,12.892976588628763,8.923076923076925,2.6744186046511627,55.30128292716767,中风险,交通燃烧型
2016-02-01,88,38~188,良,62,92,1.024,50,20,84,2016,2,2016-02,冬季,54.285714285714285,45.94594594594595,55.434782608695656,36.92307692307693,41.86046511627907,13.571428571428571,9.189189189189191,11.086956521739133,7.384615384615386,6.279069767441861,47.51125943441414,中风险,交通燃烧型
2016-03-01,90,36~153,良,63,92,0.935,57,20,91,2016,3,2016-03,春季,64.28571428571429,45.94594594594595,47.99331103678931,37.69230769230769,47.286821705426355,16.071428571428573,9.189189189189191,9.598662207357862,7.538461538461539,7.093023255813953,49.49076476225112,中风险,交通燃烧型
2016-04-01,85,47~146,良,46,82,0.917,52,15,127,2016,4,2016-04,春季,57.14285714285714,32.432432432432435,46.48829431438128,24.615384615384617,75.1937984496124,14.285714285714285,6.486486486486488,9.297658862876256,4.923076923076923,11.27906976744186,46.27200632559582,中风险,臭氧复合污染型
2016-05-01,89,50~169,良,43,80,0.89,46,14,128,2016,5,2016-05,春季,48.57142857142857,29.72972972972973,44.23076923076923,22.30769230769231,75.96899224806202,12.142857142857142,5.9459459459459465,8.846153846153847,4.461538461538463,11.395348837209303,42.7918442337047,中风险,臭氧复合污染型
2016-06-01,81,39~140,良,32,57,0.803,43,13,126,2016,6,2016-06,夏季,44.285714285714285,27.027027027027028,36.956521739130444,13.846153846153847,74.4186046511628,11.071428571428571,5.405405405405406,7.39130434782609,2.7692307692307696,11.162790697674419,37.80015979156526,低风险,臭氧复合污染型
2016-07-01,82,35~140,良,31,57,0.735,36,13,126,2016,7,2016-07,夏季,34.285714285714285,27.027027027027028,31.270903010033447,13.076923076923078,74.4186046511628,8.571428571428571,5.405405405405406,6.25418060200669,2.615384615384616,11.162790697674419,34.0091898918997,低风险,臭氧复合污染型
2016-08-01,81,37~130,良,23,48,0.758,33,13,133,2016,8,2016-08,夏季,30.0,27.027027027027028,33.19397993311037,6.923076923076923,79.84496124031007,7.5,5.405405405405406,6.638795986622075,1.3846153846153848,11.97674418604651,32.90556096268938,低风险,臭氧复合污染型
2016-09-01,82,33~157,良,33,60,0.983,50,14,117,2016,9,2016-09,秋季,54.285714285714285,29.72972972972973,52.0066889632107,14.615384615384617,67.44186046511628,13.571428571428571,5.9459459459459465,10.40133779264214,2.9230769230769234,10.116279069767442,42.95806830286102,中风险,交通燃烧型
2016-10-01,61,38~82,良,27,47,0.935,47,15,69,2016,10,2016-10,秋季,50.0,32.432432432432435,47.99331103678931,10.0,30.23255813953488,12.5,6.486486486486488,9.598662207357862,2.0,4.534883720930232,35.120032414774585,低风险,交通燃烧型
2016-11-01,86,35~127,良,51,80,1.09,67,21,57,2016,11,2016-11,秋季,78.57142857142857,48.64864864864865,60.95317725752509,28.46153846153846,20.930232558139537,19.642857142857142,9.729729729729732,12.190635451505019,5.6923076923076925,3.1395348837209305,50.395064900120516,中风险,交通燃烧型
2016-12-01,108,48~213,轻度污染,74,97,1.19,68,24,64,2016,12,2016-12,冬季,80.0,56.75675675675676,69.31438127090301,46.15384615384615,26.356589147286826,20.0,11.351351351351353,13.862876254180604,9.230769230769232,3.9534883720930236,58.39848520839422,中风险,交通燃烧型
2017-01-01,86,38~186,良,58,68,1.0,50,18,63,2017,1,2017-01,冬季,54.285714285714285,40.54054054054054,53.42809364548495,33.84615384615385,25.581395348837212,13.571428571428571,8.108108108108109,10.68561872909699,6.76923076923077,3.8372093023255816,42.971595480190025,中风险,交通燃烧型
2017-02-01,88,38~155,良,64,68,0.968,48,18,89,2017,2,2017-02,冬季,51.42857142857142,40.54054054054054,50.75250836120402,38.46153846153847,45.73643410852713,12.857142857142856,8.108108108108109,10.150501672240805,7.692307692307693,6.860465116279069,45.66852544607853,中风险,交通燃烧型
2017-03-01,78,52~133,良,53,66,0.919,50,16,113,2017,3,2017-03,春季,54.285714285714285,35.13513513513514,46.65551839464884,30.0,64.34108527131784,13.571428571428571,7.027027027027028,9.331103678929768,6.0,9.651162790697676,45.58072206808304,中风险,臭氧复合污染型
2017-04-01,104,61~164,轻度污染,47,83,0.957,53,16,151,2017,4,2017-04,春季,58.57142857142858,35.13513513513514,49.83277591973244,25.384615384615383,93.7984496124031,14.642857142857144,7.027027027027028,9.96655518394649,5.076923076923077,14.069767441860465,50.7831298726142,中风险,臭氧复合污染型
2017-05-01,106,42~183,轻度污染,29,59,0.742,40,13,159,2017,5,2017-05,春季,40.0,27.027027027027028,31.8561872909699,11.538461538461538,100.0,10.0,5.405405405405406,6.37123745819398,2.307692307692308,15.0,39.0843351712917,低风险,臭氧复合污染型
2017-06-01,84,42~151,良,31,51,0.73,39,9,131,2017,6,2017-06,夏季,38.57142857142858,16.216216216216218,30.85284280936455,13.076923076923078,78.29457364341084,9.642857142857144,3.243243243243244,6.17056856187291,2.615384615384616,11.744186046511626,33.41623960986954,低风险,臭氧复合污染型
2017-07-01,79,31~167,良,27,52,0.648,34,10,133,2017,7,2017-07,夏季,31.428571428571427,18.91891891891892,23.996655518394654,10.0,79.84496124031007,7.857142857142857,3.783783783783784,4.799331103678931,2.0,11.97674418604651,30.41700193065208,低风险,臭氧复合污染型
2017-08-01,74,29~157,良,25,43,0.816,30,8,126,2017,8,2017-08,夏季,25.71428571428571,13.513513513513514,38.04347826086956,8.461538461538462,74.4186046511628,6.428571428571428,2.702702702702703,7.608695652173913,1.6923076923076925,11.162790697674419,29.595068173430157,低风险,臭氧污染型
2017-09-01,68,41~150,良,28,45,0.803,42,10,98,2017,9,2017-09,秋季,42.857142857142854,18.91891891891892,36.956521739130444,10.76923076923077,52.71317829457365,10.714285714285714,3.783783783783784,7.39130434782609,2.153846153846154,7.906976744186047,31.950196743927787,低风险,臭氧复合污染型
2017-10-01,61,41~114,良,29,47,0.819,42,13,93,2017,10,2017-10,秋季,42.857142857142854,27.027027027027028,38.2943143812709,11.538461538461538,48.837209302325576,10.714285714285714,5.405405405405406,7.65886287625418,2.307692307692308,7.325581395348836,33.41182769898644,低风险,交通燃烧型
2017-11-01,84,32~119,良,48,84,1.053,67,17,68,2017,11,2017-11,秋季,78.57142857142857,37.83783783783784,57.859531772575245,26.153846153846157,29.457364341085274,19.642857142857142,7.567567567567568,11.57190635451505,5.230769230769232,4.4186046511627906,48.43170494687178,中风险,交通燃烧型
2017-12-01,113,59~254,轻度污染,62,95,1.271,76,19,32,2017,12,2017-12,冬季,91.42857142857143,43.24324324324324,76.08695652173913,36.92307692307693,1.550387596899225,22.857142857142858,8.64864864864865,15.217391304347826,7.384615384615386,0.23255813953488372,54.3403563342896,中风险,交通燃烧型
2018-01-01,103,0~275,轻度污染,72,84,0.945,61,14,49,2018,1,2018-01,冬季,70.0,29.72972972972973,48.82943143812709,44.61538461538462,14.728682170542637,17.5,5.9459459459459465,9.765886287625419,8.923076923076925,2.2093023255813953,44.34421148222969,中风险,交通燃烧型
2018-02-01,77,0~213,良,54,75,0.836,44,11,73,2018,2,2018-02,冬季,45.714285714285715,21.62162162162162,39.71571906354515,30.76923076923077,33.33333333333333,11.428571428571429,4.324324324324325,7.943143812709031,6.153846153846154,4.999999999999999,34.84988571945094,低风险,交通燃烧型
2018-03-01,69,39~104,良,40,67,0.839,49,9,81,2018,3,2018-03,春季,52.85714285714286,16.216216216216218,39.96655518394649,20.0,39.53488372093023,13.214285714285715,3.243243243243244,7.993311036789298,4.0,5.930232558139535,34.38107255245779,低风险,交通燃烧型
2018-04-01,82,0~169,良,42,82,0.677,49,10,119,2018,4,2018-04,春季,52.85714285714286,18.91891891891892,26.42140468227425,21.53846153846154,68.9922480620155,13.214285714285715,3.783783783783784,5.28428093645485,4.307692307692308,10.348837209302326,36.93887995151898,低风险,臭氧复合污染型
2018-05-01,77,0~125,良,39,63,0.694,41,7,121,2018,5,2018-05,春季,41.42857142857143,10.81081081081081,27.842809364548494,19.230769230769234,70.54263565891473,10.357142857142858,2.1621621621621623,5.568561872909699,3.8461538461538467,10.58139534883721,32.51541608720578,低风险,臭氧复合污染型
2018-06-01,82,37~152,良,30,47,0.537,30,6,133,2018,6,2018-06,夏季,25.71428571428571,8.108108108108109,14.715719063545155,12.307692307692308,79.84496124031007,6.428571428571428,1.621621621621622,2.9431438127090312,2.4615384615384617,11.97674418604651,25.431619510487053,低风险,臭氧复合污染型
2018-07-01,61,19~167,良,19,37,0.448,28,5,100,2018,7,2018-07,夏季,22.857142857142858,5.405405405405405,7.274247491638798,3.8461538461538463,54.263565891472865,5.714285714285714,1.0810810810810811,1.4548494983277598,0.7692307692307693,8.139534883720929,17.158981946646257,低风险,臭氧复合污染型
2018-08-01,63,27~121,良,16,34,0.448,24,4,106,2018,8,2018-08,夏季,17.142857142857142,2.7027027027027026,7.274247491638798,1.5384615384615385,58.91472868217055,4.285714285714286,0.5405405405405406,1.4548494983277598,0.3076923076923077,8.837209302325581,15.426005934600475,低风险,臭氧复合污染型
2018-09-01,70,32~150,良,24,47,0.51,38,6,111,2018,9,2018-09,秋季,37.142857142857146,8.108108108108109,12.458193979933114,7.6923076923076925,62.7906976744186,9.285714285714286,1.621621621621622,2.491638795986623,1.5384615384615385,9.41860465116279,24.356040892946858,低风险,臭氧复合污染型
2018-10-01,70,47~132,良,33,58,0.539,47,7,106,2018,10,2018-10,秋季,50.0,10.81081081081081,14.882943143812714,14.615384615384617,58.91472868217055,12.5,2.1621621621621623,2.976588628762543,2.9230769230769234,8.837209302325581,29.399037016327206,低风险,臭氧复合污染型
2018-11-01,84,40~200,良,54,67,0.697,59,6,63,2018,11,2018-11,秋季,67.14285714285714,8.108108108108109,28.093645484949832,30.76923076923077,25.581395348837212,16.785714285714285,1.621621621621622,5.618729096989966,6.153846153846154,3.8372093023255816,34.01712046049761,低风险,复合污染型
2018-12-01,76,38~123,良,48,67,0.739,55,7,40,2018,12,2018-12,冬季,61.42857142857143,10.81081081081081,31.605351170568564,26.153846153846157,7.751937984496124,15.357142857142858,2.1621621621621623,6.321070234113713,5.230769230769232,1.1627906976744184,30.23393518186238,低风险,交通燃烧型
2019-01-01,89,34~168,良,62,80,0.942,55,8,47,2019,1,2019-01,冬季,61.42857142857143,13.513513513513514,48.57859531772576,36.92307692307693,13.178294573643413,15.357142857142858,2.702702702702703,9.715719063545151,7.384615384615386,1.9767441860465118,37.136924194052604,低风险,交通燃烧型
2019-02-01,77,33~178,良,54,63,0.743,37,7,67,2019,2,2019-02,冬季,35.714285714285715,10.81081081081081,31.93979933110368,30.76923076923077,28.68217054263566,8.928571428571429,2.1621621621621623,6.387959866220736,6.153846153846154,4.3023255813953485,27.93486519219583,低风险,交通燃烧型
2019-03-01,83,39~128,良,57,78,0.639,51,8,93,2019,3,2019-03,春季,55.714285714285715,13.513513513513514,23.24414715719064,33.07692307692307,48.837209302325576,13.928571428571429,2.702702702702703,4.648829431438128,6.615384615384615,7.325581395348836,35.22106957344571,低风险,臭氧复合污染型
2019-04-01,74,41~114,良,43,62,0.527,44,8,106,2019,4,2019-04,春季,45.714285714285715,13.513513513513514,13.879598662207362,22.30769230769231,58.91472868217055,11.428571428571429,2.702702702702703,2.775919732441473,4.461538461538463,8.837209302325581,30.205941627579648,低风险,臭氧复合污染型
2019-05-01,86,36~168,良,33,59,0.387,39,7,136,2019,5,2019-05,春季,38.57142857142858,10.81081081081081,2.173913043478263,14.615384615384617,82.17054263565892,9.642857142857144,2.1621621621621623,0.4347826086956526,2.9230769230769234,12.325581395348838,27.48846023214072,低风险,臭氧复合污染型
2019-06-01,86,37~189,良,26,41,0.537,29,5,138,2019,6,2019-06,夏季,24.285714285714285,5.405405405405405,14.715719063545155,9.230769230769232,83.72093023255815,6.071428571428571,1.0810810810810811,2.9431438127090312,1.8461538461538465,12.558139534883722,24.49994684625625,低风险,臭氧复合污染型
2019-07-01,77,23~138,良,23,41,0.51,30,3,125,2019,7,2019-07,夏季,25.71428571428571,0.0,12.458193979933114,6.923076923076923,73.64341085271317,6.428571428571428,0.0,2.491638795986623,1.3846153846153848,11.046511627906975,21.35133723708041,低风险,臭氧复合污染型
2019-08-01,74,22~162,良,21,35,0.545,26,4,119,2019,8,2019-08,夏季,20.0,2.7027027027027026,15.384615384615389,5.384615384615385,68.9922480620155,5.0,0.5405405405405406,3.076923076923078,1.076923076923077,10.348837209302326,20.04322390368902,低风险,臭氧复合污染型
2019-09-01,76,28~149,良,25,43,0.64,38,4,120,2019,9,2019-09,秋季,37.142857142857146,2.7027027027027026,23.32775919732442,8.461538461538462,69.76744186046511,9.285714285714286,0.5405405405405406,4.665551839464884,1.6923076923076925,10.465116279069766,26.64923063709717,低风险,臭氧复合污染型
2019-10-01,72,27~146,良,38,69,0.648,47,5,101,2019,10,2019-10,秋季,50.0,5.405405405405405,23.996655518394654,18.461538461538463,55.03875968992248,12.5,1.0810810810810811,4.799331103678931,3.692307692307693,8.25581395348837,30.328533830556076,低风险,臭氧复合污染型
2019-11-01,72,32~116,良,35,71,0.607,52,4,75,2019,11,2019-11,秋季,57.14285714285714,2.7027027027027026,20.5685618729097,16.153846153846153,34.883720930232556,14.285714285714285,0.5405405405405406,4.11371237458194,3.230769230769231,5.232558139534883,27.40329457114088,低风险,臭氧复合污染型
2019-12-01,85,37~134,良,57,71,0.903,61,5,55,2019,12,2019-12,冬季,70.0,5.405405405405405,45.317725752508366,33.07692307692307,19.379844961240313,17.5,1.0810810810810811,9.063545150501673,6.615384615384615,2.906976744186047,37.166987591153415,低风险,交通燃烧型
2020-01-01,86,33~200,良,61,62,0.871,39,4,60,2020,1,2020-01,冬季,38.57142857142858,2.7027027027027026,42.64214046822743,36.15384615384615,23.25581395348837,9.642857142857144,0.5405405405405406,8.528428093645486,7.230769230769231,3.4883720930232553,29.430967100835655,低风险,交通燃烧型
2020-02-01,54,25~90,良,33,39,0.531,18,4,89,2020,2,2020-02,冬季,8.571428571428571,2.7027027027027026,14.21404682274248,14.615384615384617,45.73643410852713,2.142857142857143,0.5405405405405406,2.842809364548496,2.9230769230769234,6.860465116279069,15.309749087302173,低风险,臭氧复合污染型
2020-03-01,59,31~99,良,32,47,0.516,31,5,93,2020,3,2020-03,春季,27.142857142857142,5.405405405405405,12.959866220735789,13.846153846153847,48.837209302325576,6.785714285714286,1.0810810810810811,2.591973244147158,2.7692307692307696,7.325581395348836,20.55358077552213,低风险,臭氧复合污染型
2020-04-01,83,43~138,良,38,63,0.533,39,6,133,2020,4,2020-04,春季,38.57142857142858,8.108108108108109,14.381270903010037,18.461538461538463,79.84496124031007,9.642857142857144,1.621621621621622,2.8762541806020074,3.692307692307693,11.97674418604651,29.809784823434978,低风险,臭氧复合污染型
2020-05-01,90,42~145,良,37,57,0.61,27,5,142,2020,5,2020-05,春季,21.428571428571427,5.405405405405405,20.819397993311036,17.692307692307693,86.82170542635659,5.357142857142857,1.0810810810810811,4.1638795986622075,3.5384615384615388,13.023255813953488,27.16382088930117,低风险,臭氧复合污染型
2020-06-01,70,35~143,良,22,33,0.613,25,4,118,2020,6,2020-06,夏季,18.571428571428573,2.7027027027027026,21.070234113712374,6.153846153846154,68.21705426356588,4.642857142857143,0.5405405405405406,4.214046822742475,1.2307692307692308,10.232558139534882,20.860771876444268,低风险,臭氧复合污染型
2020-07-01,70,33~145,良,21,33,0.723,28,5,115,2020,7,2020-07,夏季,22.857142857142858,5.405405405405405,30.267558528428097,5.384615384615385,65.89147286821705,5.714285714285714,1.0810810810810811,6.05351170568562,1.076923076923077,9.883720930232558,23.809522508208047,低风险,臭氧污染型
2020-08-01,77,29~136,良,19,35,0.61,21,5,130,2020,8,2020-08,夏季,12.857142857142856,5.405405405405405,20.819397993311036,3.8461538461538463,77.51937984496125,3.214285714285714,1.0810810810810811,4.1638795986622075,0.7692307692307693,11.627906976744187,20.85638414000396,低风险,臭氧污染型
2020-09-01,84,39~192,良,25,42,0.783,36,7,135,2020,9,2020-09,秋季,34.285714285714285,10.81081081081081,35.284280936454856,8.461538461538462,81.3953488372093,8.571428571428571,2.1621621621621623,7.056856187290972,1.6923076923076925,12.209302325581394,31.692056938770794,低风险,臭氧复合污染型
2020-10-01,61,37~98,良,22,43,0.61,36,7,102,2020,10,2020-10,秋季,34.285714285714285,10.81081081081081,20.819397993311036,6.153846153846154,55.81395348837209,8.571428571428571,2.1621621621621623,4.1638795986622075,1.2307692307692308,8.372093023255813,24.500332586277985,低风险,臭氧复合污染型
2020-11-01,61,35~109,良,32,53,0.75,44,7,72,2020,11,2020-11,秋季,45.714285714285715,10.81081081081081,32.525083612040135,13.846153846153847,32.55813953488372,11.428571428571429,2.1621621621621623,6.505016722408027,2.7692307692307696,4.883720930232558,27.748702012604944,低风险,交通燃烧型
2020-12-01,87,34~206,良,56,68,0.906,58,8,46,2020,12,2020-12,冬季,65.71428571428571,13.513513513513514,45.568561872909704,32.30769230769231,12.4031007751938,16.428571428571427,2.702702702702703,9.113712374581942,6.461538461538462,1.8604651162790697,36.5669900836736,低风险,交通燃烧型
2021-01-01,75,48~120,良,41,70,0.826,50,8,55,2021,1,2021-01,冬季,54.285714285714285,13.513513513513514,38.87959866220736,20.76923076923077,19.379844961240313,13.571428571428571,2.702702702702703,7.775919732441472,4.153846153846154,2.906976744186047,31.110873904604947,低风险,交通燃烧型
2021-02-01,52,32~79,良,31,47,0.679,27,6,84,2021,2,2021-02,冬季,21.428571428571427,8.108108108108109,26.58862876254181,13.076923076923078,41.86046511627907,5.357142857142857,1.621621621621622,5.3177257525083625,2.615384615384616,6.279069767441861,21.19094461409932,低风险,臭氧复合污染型
2021-03-01,68,37~138,良,33,52,0.739,41,5,85,2021,3,2021-03,春季,41.42857142857143,5.405405405405405,31.605351170568564,14.615384615384617,42.63565891472868,10.357142857142858,1.0810810810810811,6.321070234113713,2.9230769230769234,6.395348837209302,27.077719932623875,低风险,臭氧复合污染型
2021-04-01,67,39~113,良,28,50,0.69,35,6,105,2021,4,2021-04,春季,32.857142857142854,8.108108108108109,27.508361204013376,10.76923076923077,58.139534883720934,8.214285714285714,1.621621621621622,5.501672240802676,2.153846153846154,8.720930232558139,26.212355963114305,低风险,臭氧复合污染型
2021-05-01,86,36~155,良,21,38,0.7,30,6,139,2021,5,2021-05,春季,25.71428571428571,8.108108108108109,28.34448160535117,5.384615384615385,84.49612403100775,6.428571428571428,1.621621621621622,5.668896321070235,1.076923076923077,12.674418604651162,27.470431052837522,低风险,臭氧复合污染型
2021-06-01,82,39~180,良,19,35,0.58,24,5,134,2021,6,2021-06,夏季,17.142857142857142,5.405405405405405,18.311036789297656,3.8461538461538463,80.62015503875969,4.285714285714286,1.0810810810810811,3.6622073578595313,0.7692307692307693,12.093023255813954,21.89125674969962,低风险,臭氧复合污染型
2021-07-01,64,21~117,良,16,33,0.474,17,4,109,2021,7,2021-07,夏季,7.142857142857142,2.7027027027027026,9.448160535117056,1.5384615384615385,61.240310077519375,1.7857142857142856,0.5405405405405406,1.8896321070234112,0.3076923076923077,9.186046511627906,13.70962575259845,低风险,臭氧污染型
2021-08-01,75,34~140,良,18,30,0.642,20,5,126,2021,8,2021-08,夏季,11.428571428571429,5.405405405405405,23.494983277591977,3.076923076923077,74.4186046511628,2.857142857142857,1.0810810810810811,4.698996655518395,0.6153846153846154,11.162790697674419,20.41539590680137,低风险,臭氧污染型
2021-09-01,77,17~168,良,19,34,0.677,22,5,129,2021,9,2021-09,秋季,14.285714285714285,5.405405405405405,26.42140468227425,3.8461538461538463,76.74418604651163,3.571428571428571,1.0810810810810811,5.28428093645485,0.7692307692307693,11.511627906976743,22.217649265172014,低风险,臭氧污染型
2021-10-01,58,31~124,良,19,37,0.577,31,6,96,2021,10,2021-10,秋季,27.142857142857142,8.108108108108109,18.06020066889632,3.8461538461538463,51.162790697674424,6.785714285714286,1.621621621621622,3.6120401337792645,0.7692307692307693,7.674418604651163,20.463025414997105,低风险,臭氧复合污染型
2021-11-01,64,33~103,良,31,58,0.683,47,7,75,2021,11,2021-11,秋季,50.0,10.81081081081081,26.923076923076927,13.076923076923078,34.883720930232556,12.5,2.1621621621621623,5.384615384615386,2.615384615384616,5.232558139534883,27.89472030169705,低风险,交通燃烧型
2021-12-01,78,30~139,良,49,74,0.858,56,8,58,2021,12,2021-12,冬季,62.857142857142854,13.513513513513514,41.55518394648829,26.923076923076923,21.705426356589147,15.714285714285714,2.702702702702703,8.311036789297658,5.384615384615385,3.255813953488372,35.368454544389834,低风险,交通燃烧型
2022-01-01,79,33~176,良,55,67,0.816,39,5,63,2022,1,2022-01,冬季,38.57142857142858,5.405405405405405,38.04347826086956,31.538461538461537,25.581395348837212,9.642857142857144,1.0810810810810811,7.608695652173913,6.3076923076923075,3.8372093023255816,28.477535486130026,低风险,交通燃烧型
2022-02-01,57,32~128,良,37,49,0.668,23,5,85,2022,2,2022-02,冬季,15.714285714285714,5.405405405405405,25.66889632107024,17.692307692307693,42.63565891472868,3.9285714285714284,1.0810810810810811,5.1337792642140485,3.5384615384615388,6.395348837209302,20.077242149537398,低风险,臭氧污染型
2022-03-01,68,33~109,良,32,52,0.665,29,6,109,2022,3,2022-03,春季,24.285714285714285,8.108108108108109,25.4180602006689,13.846153846153847,61.240310077519375,6.071428571428571,1.621621621621622,5.08361204013378,2.7692307692307696,9.186046511627906,24.73193951404265,低风险,臭氧复合污染型
2022-04-01,85,32~141,良,28,48,0.603,20,6,137,2022,4,2022-04,春季,11.428571428571429,8.108108108108109,20.234113712374583,10.76923076923077,82.94573643410853,2.857142857142857,1.621621621621622,4.046822742474917,2.153846153846154,12.441860465116278,23.121293840201826,低风险,臭氧污染型
2022-05-01,84,38~138,良,24,36,0.571,20,6,138,2022,5,2022-05,春季,11.428571428571429,8.108108108108109,17.55852842809364,7.6923076923076925,83.72093023255815,2.857142857142857,1.621621621621622,3.5117056856187285,1.5384615384615385,12.558139534883722,22.087071237728466,低风险,臭氧污染型
2022-06-01,84,29~173,良,20,32,0.6,16,6,138,2022,6,2022-06,夏季,5.714285714285714,8.108108108108109,19.983277591973245,4.615384615384616,83.72093023255815,1.4285714285714286,1.621621621621622,3.996655518394649,0.9230769230769232,12.558139534883722,20.528065026548347,低风险,臭氧污染型
2022-07-01,78,30~171,良,19,29,0.581,14,6,131,2022,7,2022-07,夏季,2.857142857142857,8.108108108108109,18.394648829431436,3.8461538461538463,78.29457364341084,0.7142857142857143,1.621621621621622,3.6789297658862874,0.7692307692307693,11.744186046511626,18.52825391753602,低风险,臭氧污染型
2022-08-01,90,41~130,良,21,36,0.645,17,6,145,2022,8,2022-08,夏季,7.142857142857142,8.108108108108109,23.745819397993316,5.384615384615385,89.14728682170544,1.7857142857142856,1.621621621621622,4.7491638795986635,1.076923076923077,13.372093023255815,22.605515887113462,低风险,臭氧污染型
2022-09-01,71,26~165,良,19,34,0.713,19,6,120,2022,9,2022-09,秋季,10.0,8.108108108108109,29.4314381270903,3.8461538461538463,69.76744186046511,2.5,1.621621621621622,5.88628762541806,0.7692307692307693,10.465116279069766,21.24225629534022,低风险,臭氧污染型
2022-10-01,57,28~121,良,17,34,0.594,24,6,103,2022,10,2022-10,秋季,17.142857142857142,8.108108108108109,19.48160535117057,2.307692307692308,56.58914728682171,4.285714285714286,1.621621621621622,3.896321070234114,0.4615384615384616,8.488372093023255,18.75356753213174,低风险,臭氧复合污染型
2022-11-01,49,22~87,优,26,44,0.723,34,7,72,2022,11,2022-11,秋季,31.428571428571427,10.81081081081081,30.267558528428097,9.230769230769232,32.55813953488372,7.857142857142857,2.1621621621621623,6.05351170568562,1.8461538461538465,4.883720930232558,22.80269150137704,低风险,交通燃烧型
2022-12-01,69,29~153,良,41,71,0.765,44,8,52,2022,12,2022-12,冬季,45.714285714285715,13.513513513513514,33.779264214046826,20.76923076923077,17.05426356589147,11.428571428571429,2.702702702702703,6.755852842809365,4.153846153846154,2.5581395348837206,27.599112662813372,低风险,交通燃烧型
2023-01-01,67,26~137,良,43,71,0.723,30,7,80,2023,1,2023-01,冬季,25.71428571428571,10.81081081081081,30.267558528428097,22.30769230769231,38.759689922480625,6.428571428571428,2.1621621621621623,6.05351170568562,4.461538461538463,5.813953488372094,24.919737246329767,低风险,交通燃烧型
2023-02-01,55,35~107,良,33,53,0.625,30,6,75,2023,2,2023-02,冬季,25.71428571428571,8.108108108108109,22.073578595317727,14.615384615384617,34.883720930232556,6.428571428571428,1.621621621621622,4.414715719063546,2.9230769230769234,5.232558139534883,20.620543831868403,低风险,臭氧复合污染型
2023-03-01,72,37~108,良,37,78,0.671,35,7,103,2023,3,2023-03,春季,32.857142857142854,10.81081081081081,25.919732441471577,17.692307692307693,56.58914728682171,8.214285714285714,2.1621621621621623,5.183946488294316,3.5384615384615388,8.488372093023255,27.587227996226986,低风险,臭氧复合污染型
2023-04-01,86,38~183,良,35,86,0.62,23,7,123,2023,4,2023-04,春季,15.714285714285714,10.81081081081081,21.65551839464883,16.153846153846153,72.09302325581395,3.9285714285714284,2.1621621621621623,4.331103678929766,3.230769230769231,10.813953488372091,24.466559988804676,低风险,臭氧污染型
2023-05-01,85,40~138,良,28,53,0.671,22,7,137,2023,5,2023-05,春季,14.285714285714285,10.81081081081081,25.919732441471577,10.76923076923077,82.94573643410853,3.571428571428571,2.1621621621621623,5.183946488294316,2.153846153846154,12.441860465116278,25.51324384084748,低风险,臭氧污染型
2023-06-01,91,27~187,良,23,36,0.757,19,7,145,2023,6,2023-06,夏季,10.0,10.81081081081081,33.11036789297659,6.923076923076923,89.14728682170544,2.5,2.1621621621621623,6.622073578595319,1.3846153846153848,13.372093023255815,26.040944148628682,低风险,臭氧污染型
2023-07-01,61,18~109,良,17,26,0.616,15,7,108,2023,7,2023-07,夏季,4.285714285714286,10.81081081081081,21.321070234113716,2.307692307692308,60.46511627906976,1.0714285714285714,2.1621621621621623,4.264214046822743,0.4615384615384616,9.069767441860463,17.0291106838124,低风险,臭氧污染型
2023-08-01,80,22~164,良,19,31,0.655,15,8,132,2023,8,2023-08,夏季,4.285714285714286,13.513513513513514,24.581939799331106,3.8461538461538463,79.06976744186046,1.0714285714285714,2.702702702702703,4.9163879598662215,0.7692307692307693,11.86046511627907,21.320215119507335,低风险,臭氧污染型
2023-09-01,71,29~139,良,20,32,0.75,21,8,119,2023,9,2023-09,秋季,12.857142857142856,13.513513513513514,32.525083612040135,4.615384615384616,68.9922480620155,3.214285714285714,2.702702702702703,6.505016722408027,0.9230769230769232,10.348837209302326,23.69391927177569,低风险,臭氧污染型
2023-10-01,76,39~135,良,27,47,0.768,35,9,128,2023,10,2023-10,秋季,32.857142857142854,16.216216216216218,34.030100334448164,10.0,75.96899224806202,8.214285714285714,3.243243243243244,6.806020066889634,2.0,11.395348837209303,31.658897861627892,低风险,臭氧复合污染型
2023-11-01,67,33~112,良,37,68,0.8,41,10,84,2023,11,2023-11,秋季,41.42857142857143,18.91891891891892,36.705685618729106,17.692307692307693,41.86046511627907,10.357142857142858,3.783783783783784,7.341137123745821,3.5384615384615388,6.279069767441861,31.299595070575865,低风险,交通燃烧型
2023-12-01,86,28~206,良,58,90,0.913,53,9,30,2023,12,2023-12,冬季,58.57142857142858,16.216216216216218,46.15384615384616,33.84615384615385,0.0,14.642857142857144,3.243243243243244,9.230769230769232,6.76923076923077,0.0,33.886100386100395,低风险,交通燃烧型
2024-01-01,87,35~200,良,61,89,0.89,47,8,62,2024,1,2024-01,冬季,50.0,13.513513513513514,44.23076923076923,36.15384615384615,24.8062015503876,12.5,2.702702702702703,8.846153846153847,7.230769230769231,3.7209302325581395,35.00055601218392,低风险,交通燃烧型
2024-02-01,65,28~218,良,43,57,0.779,20,7,78,2024,2,2024-02,冬季,11.428571428571429,10.81081081081081,34.94983277591974,22.30769230769231,37.2093023255814,2.857142857142857,2.1621621621621623,6.989966555183948,4.461538461538463,5.5813953488372094,22.05220538486464,低风险,复合污染型
2024-03-01,69,43~112,良,39,72,0.748,37,8,99,2024,3,2024-03,春季,35.714285714285715,13.513513513513514,32.357859531772576,19.230769230769234,53.48837209302325,8.928571428571429,2.702702702702703,6.471571906354516,3.8461538461538467,8.023255813953487,29.97225569773598,低风险,臭氧复合污染型
2024-04-01,64,33~111,良,27,49,0.67,27,7,108,2024,4,2024-04,春季,21.428571428571427,10.81081081081081,25.836120401337798,10.0,60.46511627906976,5.357142857142857,2.1621621621621623,5.16722408026756,2.0,9.069767441860463,23.75629654143304,低风险,臭氧复合污染型
2024-05-01,85,42~155,良,22,41,0.568,19,8,139,2024,5,2024-05,春季,10.0,13.513513513513514,17.307692307692303,6.153846153846154,84.49612403100775,2.5,2.702702702702703,3.461538461538461,1.2307692307692308,12.674418604651162,22.569428999661557,低风险,臭氧污染型
2024-06-01,81,22~162,良,17,27,0.597,16,8,130,2024,6,2024-06,夏季,5.714285714285714,13.513513513513514,19.732441471571907,2.307692307692308,77.51937984496125,1.4285714285714286,2.702702702702703,3.9464882943143813,0.4615384615384616,11.627906976744187,20.167207863871162,低风险,臭氧污染型
2024-07-01,67,25~129,良,16,28,0.597,14,8,117,2024,7,2024-07,夏季,2.857142857142857,13.513513513513514,19.732441471571907,1.5384615384615385,67.44186046511628,0.7142857142857143,2.702702702702703,3.9464882943143813,0.3076923076923077,10.116279069767442,17.78744808876255,低风险,臭氧污染型
2024-08-01,91,44~149,良,20,33,0.681,15,8,148,2024,8,2024-08,夏季,4.285714285714286,13.513513513513514,26.755852842809368,4.615384615384616,91.47286821705426,1.0714285714285714,2.702702702702703,5.351170568561874,0.9230769230769232,13.720930232558137,23.769308998328206,低风险,臭氧污染型
2024-09-01,59,16~132,良,17,29,0.68,15,8,104,2024,9,2024-09,秋季,4.285714285714286,13.513513513513514,26.67224080267559,2.307692307692308,57.36434108527132,1.0714285714285714,2.702702702702703,5.334448160535118,0.4615384615384616,8.604651162790697,18.17476905899555,低风险,臭氧污染型
2024-10-01,55,32~108,良,21,35,0.697,26,7,97,2024,10,2024-10,秋季,20.0,10.81081081081081,28.093645484949832,5.384615384615385,51.93798449612403,5.0,2.1621621621621623,5.618729096989966,1.076923076923077,7.790697674418604,21.64851201049381,低风险,臭氧污染型
2024-11-01,52,32~100,良,24,45,0.653,31,7,81,2024,11,2024-11,秋季,27.142857142857142,10.81081081081081,24.414715719063548,7.6923076923076925,39.53488372093023,6.785714285714286,2.1621621621621623,4.88294314381271,1.5384615384615385,5.930232558139535,21.299513688290233,低风险,臭氧复合污染型
2024-12-01,73,37~152,良,49,76,0.855,48,8,62,2024,12,2024-12,冬季,51.42857142857142,13.513513513513514,41.30434782608695,26.923076923076923,24.8062015503876,12.857142857142856,2.702702702702703,8.26086956521739,5.384615384615385,3.7209302325581395,32.92626074223647,低风险,交通燃烧型
2025-01-01,74,36~170,良,49,79,0.813,42,9,81,2025,1,2025-01,冬季,42.857142857142854,16.216216216216218,37.792642140468224,26.923076923076923,39.53488372093023,10.714285714285714,3.243243243243244,7.558528428093645,5.384615384615385,5.930232558139535,32.830905328377526,低风险,交通燃烧型
2025-02-01,66,36~122,良,44,64,0.732,29,8,80,2025,2,2025-02,冬季,24.285714285714285,13.513513513513514,31.02006688963211,23.076923076923077,38.759689922480625,6.071428571428571,2.702702702702703,6.204013377926422,4.615384615384616,5.813953488372094,25.407482755814407,低风险,交通燃烧型
2025-03-01,64,33~151,良,31,55,0.632,33,7,106,2025,3,2025-03,春季,30.0,10.81081081081081,22.658862876254183,13.076923076923078,58.91472868217055,7.5,2.1621621621621623,4.531772575250836,2.615384615384616,8.837209302325581,25.6465286551232,低风险,臭氧复合污染型
2025-04-01,94,55~127,良,35,75,0.56,28,7,146,2025,4,2025-04,春季,22.857142857142858,10.81081081081081,16.63879598662208,16.153846153846153,89.92248062015504,5.714285714285714,2.1621621621621623,3.327759197324416,3.230769230769231,13.488372093023257,27.92334839756478,低风险,臭氧复合污染型
2025-05-01,89,36~132,良,26,47,0.516,22,5,145,2025,5,2025-05,春季,14.285714285714285,5.405405405405405,12.959866220735789,9.230769230769232,89.14728682170544,3.571428571428571,1.0810810810810811,2.591973244147158,1.8461538461538465,13.372093023255815,22.46272976606647,低风险,臭氧复合污染型
2025-06-01,70,30~133,良,17,29,0.497,19,4,118,2025,6,2025-06,夏季,10.0,2.7027027027027026,11.371237458193981,2.307692307692308,68.21705426356588,2.5,0.5405405405405406,2.2742474916387962,0.4615384615384616,10.232558139534882,16.00888463325268,低风险,臭氧复合污染型
2025-07-01,56,21~120,良,14,26,0.361,12,5,96,2025,7,2025-07,夏季,0.0,5.405405405405405,0.0,0.0,51.162790697674424,0.0,1.0810810810810811,0.0,0.0,7.674418604651163,8.755499685732245,低风险,臭氧污染型
2025-08-01,75,43~146,良,16,27,0.445,17,5,129,2025,8,2025-08,夏季,7.142857142857142,5.405405405405405,7.023411371237461,1.5384615384615385,76.74418604651163,1.7857142857142856,1.0810810810810811,1.4046822742474923,0.3076923076923077,11.511627906976743,16.09079785571191,低风险,臭氧复合污染型
2025-09-01,78,28~168,良,19,32,0.553,21,5,131,2025,9,2025-09,秋季,12.857142857142856,5.405405405405405,16.053511705685626,3.8461538461538463,78.29457364341084,3.214285714285714,1.0810810810810811,3.210702341137125,0.7692307692307693,11.744186046511626,20.019485952246313,低风险,臭氧复合污染型
2025-10-01,61,32~135,良,20,36,0.668,24,6,104,2025,10,2025-10,秋季,17.142857142857142,8.108108108108109,25.66889632107024,4.615384615384616,57.36434108527132,4.285714285714286,1.621621621621622,5.1337792642140485,0.9230769230769232,8.604651162790697,20.568843257417576,低风险,臭氧污染型
2025-11-01,75,30~182,良,41,89,0.667,42,8,82,2025,11,2025-11,秋季,42.857142857142854,13.513513513513514,25.58528428093646,20.76923076923077,40.310077519379846,10.714285714285714,2.702702702702703,5.1170568561872924,4.153846153846154,6.046511627906977,28.73440305492884,低风险,臭氧复合污染型
2025-12-01,67,28~120,良,41,71,0.7,43,8,68,2025,12,2025-12,冬季,44.285714285714285,13.513513513513514,28.34448160535117,20.76923076923077,29.457364341085274,11.071428571428571,2.702702702702703,5.668896321070235,4.153846153846154,4.4186046511627906,28.015478400210455,低风险,交通燃烧型
2026-01-01,72,29~159,良,47,77,0.697,44,8,70,2026,1,2026-01,冬季,45.714285714285715,13.513513513513514,28.093645484949832,25.384615384615383,31.007751937984494,11.428571428571429,2.702702702702703,5.618729096989966,5.076923076923077,4.651162790697674,29.478089095884847,低风险,交通燃烧型
2026-02-01,65,33~113,良,42,68,0.711,28,7,84,2026,2,2026-02,冬季,22.857142857142858,10.81081081081081,29.26421404682274,21.53846153846154,41.86046511627907,5.714285714285714,2.1621621621621623,5.852842809364549,4.307692307692308,6.279069767441861,24.316052760946597,低风险,臭氧污染型
2026-03-01,60,21~110,良,31,48,0.661,29,6,98,2026,3,2026-03,春季,24.285714285714285,8.108108108108109,25.083612040133787,13.076923076923078,52.71317829457365,6.071428571428571,1.621621621621622,5.016722408026758,2.615384615384616,7.906976744186047,23.232133960647612,低风险,臭氧复合污染型
2026-04-01,74,34~119,良,26,46,0.663,26,7,124,2026,4,2026-04,春季,20.0,10.81081081081081,25.250836120401342,9.230769230769232,72.86821705426357,5.0,2.1621621621621623,5.050167224080269,1.8461538461538465,10.930232558139535,24.988715790535814,低风险,臭氧污染型
2026-05-01,87,33~137,良,20,36,0.635,20,7,142,2026,5,2026-05,春季,11.428571428571429,10.81081081081081,22.90969899665552,4.615384615384616,86.82170542635659,2.857142857142857,2.1621621621621623,4.581939799331105,0.9230769230769232,13.023255813953488,23.547577555666535,低风险,臭氧污染型
2026-06-01,84,32~160,良,20,31,0.617,20,7,137,2026,6,2026-06,夏季,11.428571428571429,10.81081081081081,21.404682274247495,4.615384615384616,82.94573643410853,2.857142857142857,2.1621621621621623,4.280936454849499,0.9230769230769232,12.441860465116278,22.66517886234772,低风险,臭氧污染型
2026-07-01,52,34~65,良,14,20,0.575,18,6,98,2026,7,2026-07,夏季,8.571428571428571,8.108108108108109,17.892976588628763,0.0,52.71317829457365,2.142857142857143,1.621621621621622,3.578595317725753,0.0,7.906976744186047,15.250050826390565,低风险,臭氧污染型
